{
  "v": "5.10.2",
  "fr": 29.9700012207031,
  "ip": 0,
  "op": 72.0000029326201,
  "w": 900,
  "h": 800,
  "nm": "bound loading",
  "ddd": 0,
  "assets": [],
  "layers": [
    {
      "ddd": 0,
      "ind": 1,
      "ty": 4,
      "nm": "ã·ã§ã¤ãã¬ã¤ã¤ã¼ 6",
      "sr": 1,
      "ks": {
        "o": {
          "a": 0,
          "k": 100,
          "ix": 11
        },
        "r": {
          "a": 0,
          "k": 0,
          "ix": 10
        },
        "p": {
          "a": 1,
          "k": [
            {
              "i": {
                "x": 0.728,
                "y": 1
              },
              "o": {
                "x": 0.902,
                "y": 0
              },
              "t": 0,
              "s": [
                131.284,
                222,
                0
              ],
              "to": [
                83.667,
                -10.547,
                0
              ],
              "ti": [
                -30.667,
                -77.453,
                0
              ]
            },
            {
              "i": {
                "x": 0,
                "y": 1
              },
              "o": {
                "x": 0.311,
                "y": 0
              },
              "t": 5,
              "s": [
                255.284,
                333.716,
                0
              ],
              "to": [
                4.699,
                -66.24,
                0
              ],
              "ti": [
                -16,
                0.072,
                0
              ]
            },
            {
              "i": {
                "x": 0.667,
                "y": 1
              },
              "o": {
                "x": 0.814,
                "y": 0.013
              },
              "t": 10,
              "s": [
                303.284,
                242.284,
                0
              ],
              "to": [
                16,
                -0.072,
                0
              ],
              "ti": [
                -3,
                -65.619,
                0
              ]
            },
            {
              "i": {
                "x": 0.175,
                "y": 1
              },
              "o": {
                "x": 0.191,
                "y": 0
              },
              "t": 15,
              "s": [
                351.284,
                333.284,
                0
              ],
              "to": [
                6.5,
                -65.881,
                0
              ],
              "ti": [
                -16.583,
                0.047,
                0
              ]
            },
            {
              "i": {
                "x": 0.833,
                "y": 0.998
              },
              "o": {
                "x": 0.831,
                "y": 0.011
              },
              "t": 19.959,
              "s": [
                400.284,
                248.784,
                0
              ],
              "to": [
                16.583,
                -0.047,
                0
              ],
              "ti": [
                -7.417,
                -67.833,
                0
              ]
            },
            {
              "i": {
                "x": 0.166,
                "y": 0.988
              },
              "o": {
                "x": 0.167,
                "y": 0.002
              },
              "t": 24.939,
              "s": [
                450.784,
                333,
                0
              ],
              "to": [
                7.417,
                -67.167,
                0
              ],
              "ti": [
                -16.333,
                0,
                0
              ]
            },
            {
              "i": {
                "x": 0.833,
                "y": 0.999
              },
              "o": {
                "x": 0.83,
                "y": 0
              },
              "t": 30.009,
              "s": [
                500.284,
                256,
                0
              ],
              "to": [
                16.333,
                0,
                0
              ],
              "ti": [
                -5.583,
                -68.833,
                0
              ]
            },
            {
              "i": {
                "x": 0.158,
                "y": 1
              },
              "o": {
                "x": 0.167,
                "y": 0.001
              },
              "t": 34.986,
              "s": [
                548.784,
                333,
                0
              ],
              "to": [
                4.54,
                -61.179,
                0
              ],
              "ti": [
                -16.333,
                0,
                0
              ]
            },
            {
              "i": {
                "x": 0.833,
                "y": 1
              },
              "o": {
                "x": 0.835,
                "y": 0
              },
              "t": 40.003,
              "s": [
                594.784,
                262.5,
                0
              ],
              "to": [
                16.333,
                0,
                0
              ],
              "ti": [
                -12.5,
                -68.833,
                0
              ]
            },
            {
              "i": {
                "x": 0.248,
                "y": 1
              },
              "o": {
                "x": 0.167,
                "y": 0
              },
              "t": 45,
              "s": [
                646.784,
                333,
                0
              ],
              "to": [
                9.5,
                -62.667,
                0
              ],
              "ti": [
                -22.646,
                -0.358,
                0
              ]
            },
            {
              "i": {
                "x": 0.65,
                "y": 0.319
              },
              "o": {
                "x": 0.333,
                "y": 0
              },
              "t": 50,
              "s": [
                713.284,
                270,
                0
              ],
              "to": [
                62.021,
                1.907,
                0
              ],
              "ti": [
                2.345,
                -57.441,
                0
              ]
            },
            {
              "i": {
                "x": 0.805,
                "y": 0.673
              },
              "o": {
                "x": 0.567,
                "y": 0.401
              },
              "t": 53.119,
              "s": [
                776.528,
                388.539,
                0
              ],
              "to": [
                -2.934,
                71.895,
                0
              ],
              "ti": [
                179.91,
                -1.235,
                0
              ]
            },
            {
              "i": {
                "x": 0.144,
                "y": 1
              },
              "o": {
                "x": 0.098,
                "y": 0.62
              },
              "t": 56,
              "s": [
                420,
                483.284,
                0
              ],
              "to": [
                -187.945,
                1.29,
                0
              ],
              "ti": [
                -91.805,
                236.258,
                0
              ]
            },
            {
              "t": 70.0000028511585,
              "s": [
                131.284,
                222.716,
                0
              ]
            }
          ],
          "ix": 2,
          "l": 2
        },
        "a": {
          "a": 0,
          "k": [
            -240.716,
            -12.716,
            0
          ],
          "ix": 1,
          "l": 2
        },
        "s": {
          "a": 1,
          "k": [
            {
              "i": {
                "x": [
                  0.833,
                  0.833,
                  0.833
                ],
                "y": [
                  0.833,
                  0.833,
                  0.833
                ]
              },
              "o": {
                "x": [
                  0.167,
                  0.167,
                  0.167
                ],
                "y": [
                  0.167,
                  0.167,
                  0.167
                ]
              },
              "t": 50,
              "s": [
                100,
                100,
                100
              ]
            },
            {
              "i": {
                "x": [
                  0.833,
                  0.833,
                  0.833
                ],
                "y": [
                  0.833,
                  0.833,
                  0.833
                ]
              },
              "o": {
                "x": [
                  0.167,
                  0.167,
                  0.167
                ],
                "y": [
                  0.167,
                  0.167,
                  0.167
                ]
              },
              "t": 56,
              "s": [
                328.335,
                328.335,
                100
              ]
            },
            {
              "t": 70.0000028511585,
              "s": [
                100,
                100,
                100
              ]
            }
          ],
          "ix": 6,
          "l": 2
        }
      },
      "ao": 0,
      "shapes": [
        {
          "ty": "gr",
          "it": [
            {
              "ind": 0,
              "ty": "sh",
              "ix": 1,
              "ks": {
                "a": 0,
                "k": {
                  "i": [
                    [
                      18.382,
                      -33.284
                    ],
                    [
                      -33.284,
                      -18.382
                    ],
                    [
                      -18.382,
                      33.284
                    ],
                    [
                      33.284,
                      18.382
                    ]
                  ],
                  "o": [
                    [
                      -18.382,
                      -33.284
                    ],
                    [
                      -33.284,
                      18.382
                    ],
                    [
                      18.382,
                      33.284
                    ],
                    [
                      33.284,
                      -18.382
                    ]
                  ],
                  "v": [
                    [
                      0,
                      -33.284
                    ],
                    [
                      -33.284,
                      0
                    ],
                    [
                      0,
                      33.284
                    ],
                    [
                      33.284,
                      0
                    ]
                  ],
                  "c": true
                },
                "ix": 2
              },
              "nm": "ãã¹ 1",
              "mn": "ADBE Vector Shape - Group",
              "hd": false,
              "_render": true
            },
            {
              "ty": "fl",
              "c": {
                "a": 0,
                "k": [
                  0.2318,
                  0.8482,
                  0.4064,
                  1
                ],
                "ix": 4
              },
              "o": {
                "a": 0,
                "k": 100,
                "ix": 5
              },
              "r": 1,
              "bm": 0,
              "nm": "å¡ã 1",
              "mn": "ADBE Vector Graphic - Fill",
              "hd": false,
              "_render": true
            },
            {
              "ty": "tr",
              "p": {
                "a": 0,
                "k": [
                  -240.716,
                  -12.716
                ],
                "ix": 2
              },
              "a": {
                "a": 0,
                "k": [
                  0,
                  0
                ],
                "ix": 1
              },
              "s": {
                "a": 0,
                "k": [
                  100,
                  100
                ],
                "ix": 3
              },
              "r": {
                "a": 0,
                "k": 0,
                "ix": 6
              },
              "o": {
                "a": 0,
                "k": 100,
                "ix": 7
              },
              "sk": {
                "a": 0,
                "k": 0,
                "ix": 4
              },
              "sa": {
                "a": 0,
                "k": 0,
                "ix": 5
              },
              "nm": "ãã©ã³ã¹ãã©ã¼ã ",
              "_render": true
            }
          ],
          "nm": "æ¥åå½¢ 1",
          "np": 3,
          "cix": 2,
          "bm": 0,
          "ix": 1,
          "mn": "ADBE Vector Group",
          "hd": false,
          "_render": true
        }
      ],
      "ip": 0,
      "op": 72.0000029326201,
      "st": 0,
      "ct": 1,
      "bm": 0,
      "completed": true
    },
    {
      "ddd": 0,
      "ind": 2,
      "ty": 4,
      "nm": "ã·ã§ã¤ãã¬ã¤ã¤ã¼ 5",
      "sr": 1,
      "ks": {
        "o": {
          "a": 0,
          "k": 100,
          "ix": 11
        },
        "r": {
          "a": 0,
          "k": 0,
          "ix": 10
        },
        "p": {
          "a": 0,
          "k": [
            647.284,
            400,
            0
          ],
          "ix": 2,
          "l": 2
        },
        "a": {
          "a": 0,
          "k": [
            -240.716,
            -12.716,
            0
          ],
          "ix": 1,
          "l": 2
        },
        "s": {
          "a": 0,
          "k": [
            100,
            100,
            100
          ],
          "ix": 6,
          "l": 2
        }
      },
      "ao": 0,
      "shapes": [
        {
          "ty": "gr",
          "it": [
            {
              "ind": 0,
              "ty": "sh",
              "ix": 1,
              "ks": {
                "a": 0,
                "k": {
                  "i": [
                    [
                      18.382,
                      -33.284
                    ],
                    [
                      -33.284,
                      -18.382
                    ],
                    [
                      -18.382,
                      33.284
                    ],
                    [
                      33.284,
                      18.382
                    ]
                  ],
                  "o": [
                    [
                      -18.382,
                      -33.284
                    ],
                    [
                      -33.284,
                      18.382
                    ],
                    [
                      18.382,
                      33.284
                    ],
                    [
                      33.284,
                      -18.382
                    ]
                  ],
                  "v": [
                    [
                      0,
                      -33.284
                    ],
                    [
                      -33.284,
                      0
                    ],
                    [
                      0,
                      33.284
                    ],
                    [
                      33.284,
                      0
                    ]
                  ],
                  "c": true
                },
                "ix": 2
              },
              "nm": "ãã¹ 1",
              "mn": "ADBE Vector Shape - Group",
              "hd": false,
              "_render": true
            },
            {
              "ty": "fl",
              "c": {
                "a": 1,
                "k": [
                  {
                    "i": {
                      "x": [
                        0.833
                      ],
                      "y": [
                        0.833
                      ]
                    },
                    "o": {
                      "x": [
                        0.167
                      ],
                      "y": [
                        0.167
                      ]
                    },
                    "t": 44,
                    "s": [
                      1,
                      1,
                      1,
                      1
                    ]
                  },
                  {
                    "t": 45.0000018328876,
                    "s": [
                      0.1032,
                      0.7568,
                      0.2884,
                      1
                    ]
                  }
                ],
                "ix": 4
              },
              "o": {
                "a": 0,
                "k": 100,
                "ix": 5
              },
              "r": 1,
              "bm": 0,
              "nm": "å¡ã 1",
              "mn": "ADBE Vector Graphic - Fill",
              "hd": false,
              "_render": true
            },
            {
              "ty": "tr",
              "p": {
                "a": 0,
                "k": [
                  -240.716,
                  -12.716
                ],
                "ix": 2
              },
              "a": {
                "a": 0,
                "k": [
                  0,
                  0
                ],
                "ix": 1
              },
              "s": {
                "a": 0,
                "k": [
                  100,
                  100
                ],
                "ix": 3
              },
              "r": {
                "a": 0,
                "k": 0,
                "ix": 6
              },
              "o": {
                "a": 0,
                "k": 100,
                "ix": 7
              },
              "sk": {
                "a": 0,
                "k": 0,
                "ix": 4
              },
              "sa": {
                "a": 0,
                "k": 0,
                "ix": 5
              },
              "nm": "ãã©ã³ã¹ãã©ã¼ã ",
              "_render": true
            }
          ],
          "nm": "æ¥åå½¢ 1",
          "np": 3,
          "cix": 2,
          "bm": 0,
          "ix": 1,
          "mn": "ADBE Vector Group",
          "hd": false,
          "_render": true
        }
      ],
      "ip": 0,
      "op": 55.0000022401959,
      "st": 0,
      "ct": 1,
      "bm": 0,
      "completed": true
    },
    {
      "ddd": 0,
      "ind": 3,
      "ty": 4,
      "nm": "ã·ã§ã¤ãã¬ã¤ã¤ã¼ 4",
      "sr": 1,
      "ks": {
        "o": {
          "a": 0,
          "k": 100,
          "ix": 11
        },
        "r": {
          "a": 0,
          "k": 0,
          "ix": 10
        },
        "p": {
          "a": 0,
          "k": [
            549.284,
            400,
            0
          ],
          "ix": 2,
          "l": 2
        },
        "a": {
          "a": 0,
          "k": [
            -240.716,
            -12.716,
            0
          ],
          "ix": 1,
          "l": 2
        },
        "s": {
          "a": 0,
          "k": [
            100,
            100,
            100
          ],
          "ix": 6,
          "l": 2
        }
      },
      "ao": 0,
      "shapes": [
        {
          "ty": "gr",
          "it": [
            {
              "ind": 0,
              "ty": "sh",
              "ix": 1,
              "ks": {
                "a": 0,
                "k": {
                  "i": [
                    [
                      18.382,
                      -33.284
                    ],
                    [
                      -33.284,
                      -18.382
                    ],
                    [
                      -18.382,
                      33.284
                    ],
                    [
                      33.284,
                      18.382
                    ]
                  ],
                  "o": [
                    [
                      -18.382,
                      -33.284
                    ],
                    [
                      -33.284,
                      18.382
                    ],
                    [
                      18.382,
                      33.284
                    ],
                    [
                      33.284,
                      -18.382
                    ]
                  ],
                  "v": [
                    [
                      0,
                      -33.284
                    ],
                    [
                      -33.284,
                      0
                    ],
                    [
                      0,
                      33.284
                    ],
                    [
                      33.284,
                      0
                    ]
                  ],
                  "c": true
                },
                "ix": 2
              },
              "nm": "ãã¹ 1",
              "mn": "ADBE Vector Shape - Group",
              "hd": false,
              "_render": true
            },
            {
              "ty": "fl",
              "c": {
                "a": 1,
                "k": [
                  {
                    "i": {
                      "x": [
                        0.833
                      ],
                      "y": [
                        0.833
                      ]
                    },
                    "o": {
                      "x": [
                        0.167
                      ],
                      "y": [
                        0.167
                      ]
                    },
                    "t": 34,
                    "s": [
                      1,
                      1,
                      1,
                      1
                    ]
                  },
                  {
                    "t": 35.0000014255792,
                    "s": [
                      0.0658,
                      0.8742,
                      0.2948,
                      1
                    ]
                  }
                ],
                "ix": 4
              },
              "o": {
                "a": 0,
                "k": 100,
                "ix": 5
              },
              "r": 1,
              "bm": 0,
              "nm": "å¡ã 1",
              "mn": "ADBE Vector Graphic - Fill",
              "hd": false,
              "_render": true
            },
            {
              "ty": "tr",
              "p": {
                "a": 0,
                "k": [
                  -240.716,
                  -12.716
                ],
                "ix": 2
              },
              "a": {
                "a": 0,
                "k": [
                  0,
                  0
                ],
                "ix": 1
              },
              "s": {
                "a": 0,
                "k": [
                  100,
                  100
                ],
                "ix": 3
              },
              "r": {
                "a": 0,
                "k": 0,
                "ix": 6
              },
              "o": {
                "a": 0,
                "k": 100,
                "ix": 7
              },
              "sk": {
                "a": 0,
                "k": 0,
                "ix": 4
              },
              "sa": {
                "a": 0,
                "k": 0,
                "ix": 5
              },
              "nm": "ãã©ã³ã¹ãã©ã¼ã ",
              "_render": true
            }
          ],
          "nm": "æ¥åå½¢ 1",
          "np": 3,
          "cix": 2,
          "bm": 0,
          "ix": 1,
          "mn": "ADBE Vector Group",
          "hd": false,
          "_render": true
        }
      ],
      "ip": 0,
      "op": 56.0000022809268,
      "st": 0,
      "ct": 1,
      "bm": 0,
      "completed": true
    },
    {
      "ddd": 0,
      "ind": 4,
      "ty": 4,
      "nm": "ã·ã§ã¤ãã¬ã¤ã¤ã¼ 3",
      "sr": 1,
      "ks": {
        "o": {
          "a": 0,
          "k": 100,
          "ix": 11
        },
        "r": {
          "a": 0,
          "k": 0,
          "ix": 10
        },
        "p": {
          "a": 0,
          "k": [
            451.284,
            400,
            0
          ],
          "ix": 2,
          "l": 2
        },
        "a": {
          "a": 0,
          "k": [
            -240.716,
            -12.716,
            0
          ],
          "ix": 1,
          "l": 2
        },
        "s": {
          "a": 0,
          "k": [
            100,
            100,
            100
          ],
          "ix": 6,
          "l": 2
        }
      },
      "ao": 0,
      "shapes": [
        {
          "ty": "gr",
          "it": [
            {
              "ind": 0,
              "ty": "sh",
              "ix": 1,
              "ks": {
                "a": 0,
                "k": {
                  "i": [
                    [
                      18.382,
                      -33.284
                    ],
                    [
                      -33.284,
                      -18.382
                    ],
                    [
                      -18.382,
                      33.284
                    ],
                    [
                      33.284,
                      18.382
                    ]
                  ],
                  "o": [
                    [
                      -18.382,
                      -33.284
                    ],
                    [
                      -33.284,
                      18.382
                    ],
                    [
                      18.382,
                      33.284
                    ],
                    [
                      33.284,
                      -18.382
                    ]
                  ],
                  "v": [
                    [
                      0,
                      -33.284
                    ],
                    [
                      -33.284,
                      0
                    ],
                    [
                      0,
                      33.284
                    ],
                    [
                      33.284,
                      0
                    ]
                  ],
                  "c": true
                },
                "ix": 2
              },
              "nm": "ãã¹ 1",
              "mn": "ADBE Vector Shape - Group",
              "hd": false,
              "_render": true
            },
            {
              "ty": "fl",
              "c": {
                "a": 1,
                "k": [
                  {
                    "i": {
                      "x": [
                        0.833
                      ],
                      "y": [
                        0.833
                      ]
                    },
                    "o": {
                      "x": [
                        0.167
                      ],
                      "y": [
                        0.167
                      ]
                    },
                    "t": 24,
                    "s": [
                      1,
                      1,
                      1,
                      1
                    ]
                  },
                  {
                    "t": 25.0000010182709,
                    "s": [
                      0.2275,
                      0.5176,
                      0.3098,
                      1
                    ]
                  }
                ],
                "ix": 4
              },
              "o": {
                "a": 0,
                "k": 100,
                "ix": 5
              },
              "r": 1,
              "bm": 0,
              "nm": "å¡ã 1",
              "mn": "ADBE Vector Graphic - Fill",
              "hd": false,
              "_render": true
            },
            {
              "ty": "tr",
              "p": {
                "a": 0,
                "k": [
                  -240.716,
                  -12.716
                ],
                "ix": 2
              },
              "a": {
                "a": 0,
                "k": [
                  0,
                  0
                ],
                "ix": 1
              },
              "s": {
                "a": 0,
                "k": [
                  100,
                  100
                ],
                "ix": 3
              },
              "r": {
                "a": 0,
                "k": 0,
                "ix": 6
              },
              "o": {
                "a": 0,
                "k": 100,
                "ix": 7
              },
              "sk": {
                "a": 0,
                "k": 0,
                "ix": 4
              },
              "sa": {
                "a": 0,
                "k": 0,
                "ix": 5
              },
              "nm": "ãã©ã³ã¹ãã©ã¼ã ",
              "_render": true
            }
          ],
          "nm": "æ¥åå½¢ 1",
          "np": 3,
          "cix": 2,
          "bm": 0,
          "ix": 1,
          "mn": "ADBE Vector Group",
          "hd": false,
          "_render": true
        }
      ],
      "ip": 0,
      "op": 57.0000023216576,
      "st": 0,
      "ct": 1,
      "bm": 0,
      "completed": true
    },
    {
      "ddd": 0,
      "ind": 5,
      "ty": 4,
      "nm": "ã·ã§ã¤ãã¬ã¤ã¤ã¼ 2",
      "sr": 1,
      "ks": {
        "o": {
          "a": 0,
          "k": 100,
          "ix": 11
        },
        "r": {
          "a": 0,
          "k": 0,
          "ix": 10
        },
        "p": {
          "a": 0,
          "k": [
            353.284,
            400,
            0
          ],
          "ix": 2,
          "l": 2
        },
        "a": {
          "a": 0,
          "k": [
            -240.716,
            -12.716,
            0
          ],
          "ix": 1,
          "l": 2
        },
        "s": {
          "a": 0,
          "k": [
            100,
            100,
            100
          ],
          "ix": 6,
          "l": 2
        }
      },
      "ao": 0,
      "shapes": [
        {
          "ty": "gr",
          "it": [
            {
              "ind": 0,
              "ty": "sh",
              "ix": 1,
              "ks": {
                "a": 0,
                "k": {
                  "i": [
                    [
                      18.382,
                      -33.284
                    ],
                    [
                      -33.284,
                      -18.382
                    ],
                    [
                      -18.382,
                      33.284
                    ],
                    [
                      33.284,
                      18.382
                    ]
                  ],
                  "o": [
                    [
                      -18.382,
                      -33.284
                    ],
                    [
                      -33.284,
                      18.382
                    ],
                    [
                      18.382,
                      33.284
                    ],
                    [
                      33.284,
                      -18.382
                    ]
                  ],
                  "v": [
                    [
                      0,
                      -33.284
                    ],
                    [
                      -33.284,
                      0
                    ],
                    [
                      0,
                      33.284
                    ],
                    [
                      33.284,
                      0
                    ]
                  ],
                  "c": true
                },
                "ix": 2
              },
              "nm": "ãã¹ 1",
              "mn": "ADBE Vector Shape - Group",
              "hd": false,
              "_render": true
            },
            {
              "ty": "fl",
              "c": {
                "a": 1,
                "k": [
                  {
                    "i": {
                      "x": [
                        0.833
                      ],
                      "y": [
                        0.833
                      ]
                    },
                    "o": {
                      "x": [
                        0.167
                      ],
                      "y": [
                        0.167
                      ]
                    },
                    "t": 14,
                    "s": [
                      1,
                      1,
                      1,
                      1
                    ]
                  },
                  {
                    "t": 15.0000006109625,
                    "s": [
                      0.1032,
                      0.7568,
                      0.2884,
                      1
                    ]
                  }
                ],
                "ix": 4
              },
              "o": {
                "a": 0,
                "k": 100,
                "ix": 5
              },
              "r": 1,
              "bm": 0,
              "nm": "å¡ã 1",
              "mn": "ADBE Vector Graphic - Fill",
              "hd": false,
              "_render": true
            },
            {
              "ty": "tr",
              "p": {
                "a": 0,
                "k": [
                  -240.716,
                  -12.716
                ],
                "ix": 2
              },
              "a": {
                "a": 0,
                "k": [
                  0,
                  0
                ],
                "ix": 1
              },
              "s": {
                "a": 0,
                "k": [
                  100,
                  100
                ],
                "ix": 3
              },
              "r": {
                "a": 0,
                "k": 0,
                "ix": 6
              },
              "o": {
                "a": 0,
                "k": 100,
                "ix": 7
              },
              "sk": {
                "a": 0,
                "k": 0,
                "ix": 4
              },
              "sa": {
                "a": 0,
                "k": 0,
                "ix": 5
              },
              "nm": "ãã©ã³ã¹ãã©ã¼ã ",
              "_render": true
            }
          ],
          "nm": "æ¥åå½¢ 1",
          "np": 3,
          "cix": 2,
          "bm": 0,
          "ix": 1,
          "mn": "ADBE Vector Group",
          "hd": false,
          "_render": true
        }
      ],
      "ip": 0,
      "op": 57.0000023216576,
      "st": 0,
      "ct": 1,
      "bm": 0,
      "completed": true
    },
    {
      "ddd": 0,
      "ind": 6,
      "ty": 4,
      "nm": "ã·ã§ã¤ãã¬ã¤ã¤ã¼ 1",
      "sr": 1,
      "ks": {
        "o": {
          "a": 0,
          "k": 100,
          "ix": 11
        },
        "r": {
          "a": 0,
          "k": 0,
          "ix": 10
        },
        "p": {
          "a": 0,
          "k": [
            255.284,
            400,
            0
          ],
          "ix": 2,
          "l": 2
        },
        "a": {
          "a": 0,
          "k": [
            -240.716,
            -12.716,
            0
          ],
          "ix": 1,
          "l": 2
        },
        "s": {
          "a": 0,
          "k": [
            100,
            100,
            100
          ],
          "ix": 6,
          "l": 2
        }
      },
      "ao": 0,
      "shapes": [
        {
          "ty": "gr",
          "it": [
            {
              "ind": 0,
              "ty": "sh",
              "ix": 1,
              "ks": {
                "a": 0,
                "k": {
                  "i": [
                    [
                      18.382,
                      -33.284
                    ],
                    [
                      -33.284,
                      -18.382
                    ],
                    [
                      -18.382,
                      33.284
                    ],
                    [
                      33.284,
                      18.382
                    ]
                  ],
                  "o": [
                    [
                      -18.382,
                      -33.284
                    ],
                    [
                      -33.284,
                      18.382
                    ],
                    [
                      18.382,
                      33.284
                    ],
                    [
                      33.284,
                      -18.382
                    ]
                  ],
                  "v": [
                    [
                      0,
                      -33.284
                    ],
                    [
                      -33.284,
                      0
                    ],
                    [
                      0,
                      33.284
                    ],
                    [
                      33.284,
                      0
                    ]
                  ],
                  "c": true
                },
                "ix": 2
              },
              "nm": "ãã¹ 1",
              "mn": "ADBE Vector Shape - Group",
              "hd": false,
              "_render": true
            },
            {
              "ty": "fl",
              "c": {
                "a": 1,
                "k": [
                  {
                    "i": {
                      "x": [
                        0.833
                      ],
                      "y": [
                        0.833
                      ]
                    },
                    "o": {
                      "x": [
                        0.167
                      ],
                      "y": [
                        0.167
                      ]
                    },
                    "t": 4,
                    "s": [
                      1,
                      1,
                      1,
                      1
                    ]
                  },
                  {
                    "t": 5.00000020365417,
                    "s": [
                      0.1032,
                      0.7568,
                      0.2884,
                      1
                    ]
                  }
                ],
                "ix": 4
              },
              "o": {
                "a": 0,
                "k": 100,
                "ix": 5
              },
              "r": 1,
              "bm": 0,
              "nm": "å¡ã 1",
              "mn": "ADBE Vector Graphic - Fill",
              "hd": false,
              "_render": true
            },
            {
              "ty": "tr",
              "p": {
                "a": 0,
                "k": [
                  -240.716,
                  -12.716
                ],
                "ix": 2
              },
              "a": {
                "a": 0,
                "k": [
                  0,
                  0
                ],
                "ix": 1
              },
              "s": {
                "a": 0,
                "k": [
                  100,
                  100
                ],
                "ix": 3
              },
              "r": {
                "a": 0,
                "k": 0,
                "ix": 6
              },
              "o": {
                "a": 0,
                "k": 100,
                "ix": 7
              },
              "sk": {
                "a": 0,
                "k": 0,
                "ix": 4
              },
              "sa": {
                "a": 0,
                "k": 0,
                "ix": 5
              },
              "nm": "ãã©ã³ã¹ãã©ã¼ã ",
              "_render": true
            }
          ],
          "nm": "æ¥åå½¢ 1",
          "np": 3,
          "cix": 2,
          "bm": 0,
          "ix": 1,
          "mn": "ADBE Vector Group",
          "hd": false,
          "_render": true
        }
      ],
      "ip": 0,
      "op": 57.0000023216576,
      "st": 0,
      "ct": 1,
      "bm": 0,
      "completed": true
    }
  ],
  "markers": [],
  "__complete": true
}